time,flux,flux_err,quality
1790.683170936992,0.9948899131414171,1.187554471121845,0
1790.7248378168988,0.9951740255821612,1.1889954486644314,0
1790.7456712549981,0.993865480636315,1.191081581278751,0
1790.7665046922807,0.9956027094448077,1.1899390269534713,0
1790.7873381290651,0.9939462973636756,1.1876382872722802,0
1790.8081715656663,0.9946741337452275,1.191140755010248,0
1790.829005002387,0.9937419831945463,1.1947824387442045,0
1790.8498384395168,0.9942656506272451,1.1893397811229658,0
1790.8706718773265,0.994718473833078,1.1915812629605065,0
1790.8915053160592,0.9938298843234649,1.1878288591678954,0
1790.912338755933,0.9945353051033935,1.1877103543940457,0
1790.9331721971296,0.9956468725920047,1.1898252033634151,0
1790.9540056397975,0.994989633212649,1.1900439243664982,0
1790.9748390840475,0.9943983718161192,1.2076145602115467,0
1790.9956725299496,0.9954011342104513,1.2059039681965715,0
1791.0165059775316,0.9948502975202047,1.1902528902221856,0
1791.03733942678,0.9950870218520309,1.1885379345985994,0
1791.0581728776403,0.9955065307789651,1.1898680841633864,0
1791.0790063300176,0.9964291614135389,1.188521773795645,0
1791.0998397837782,0.9953434991387615,1.1872091439069794,0
1791.3915081433008,0.9996775409622654,1.185972486138229,0
1791.412341586486,1.0007255330546576,1.1861812647611372,0
1791.4331750268439,0.9996568499706125,1.1868055220241156,0
1791.454008464229,1.0018533828017206,1.1954630962572688,0
1791.4748418985334,1.0014508513396618,1.190233272280306,0
1791.4956753296908,1.001004970183883,1.1872095957580315,0
1791.5165087576754,1.0019394817755016,1.1879566970809823,0
1791.537342182502,1.0013375791213328,1.2093216482612255,0
1791.5581756042284,0.998554653507235,1.1882236684959198,0
1791.5790090229511,0.9995456796786009,1.2086723800163997,0
1791.5998424388083,1.0013525672148935,1.1894696364486033,0
1791.620675851971,1.0017127963471522,1.1886683037460088,0
1791.6415092626485,0.999502239952418,1.1915199100497322,0
1791.6623426710753,0.9991817930526187,1.1924109803168,0
1791.683176077514,1.000953768829573,1.1901220560990016,0
1791.7040094822487,1.0012392593585804,1.195725924234951,0
1791.7248428855794,1.000311564305253,1.1902086210704002,0
1791.7456762878178,1.0007973589110386,1.1935054109064764,0
1791.7665096892804,1.0001937700761696,1.1911209640386515,0
1791.7873430902869,0.9992117228984987,1.1906769193007278,0
1791.8081764911487,1.0023432061083453,1.1925893693700607,0
1791.82900989217,1.0008795986310695,1.1978004592700358,0
1791.8498432936365,1.0007549113740748,1.1924773482604494,0
1791.8706766958146,1.0007739700359586,1.192248487599958,0
1791.8915100989468,1.0003607004551918,1.193969870086527,0
1791.912343503244,0.9993748894459117,1.1917030965242892,0
1791.933176908886,1.000656959394377,1.191867376422155,0
1791.9540103160155,0.999765288061746,1.1906459446063562,0
1791.9748437247385,0.9997435357549659,1.1967166556850406,0
1791.9956771351178,1.0001733750204018,1.1952073543403388,0
1792.0165105471774,1.0006709298544234,1.1915606789483721,0
1792.0373439608993,1.0000089625099997,1.1924042445950556,0
1792.0581773762228,0.9999576132614668,1.1931286727744834,0
1792.0790107930468,1.000014143568357,1.192682314537581,0
1792.0998442112325,0.9996172018310241,1.1916045977471434,0
1792.1206776306055,1.0001928233900297,1.1910723859424057,0
1792.1415110509563,0.999548662313255,1.1942007467092512,0
1792.1623444720462,0.9990299945419938,1.191886754930657,0
1792.1831778936119,0.9996809442608129,1.1913107286526834,0
1792.2040113153691,1.0009302940937257,1.2058383021662022,0
1792.2248447370168,0.9986858485658389,1.207107590912346,0
1792.245678158241,0.9996036575738058,1.1923592180046843,0
1792.2665115787256,0.9996898034023168,1.1922649978307094,0
1792.287344998153,0.9982818774235913,1.196258532076138,0
1792.3081784162107,0.9997872612186025,1.191685040483454,0
1792.3290118325976,0.9989750000546941,1.1929004117506898,0
1792.3498452470267,0.9996876256819296,1.1951145432055366,0
1792.3706786592345,0.9999105331589171,1.1914434333376978,0
1792.3915120689796,0.9978406937299592,1.190717717062468,0
1792.4123454760547,1.000381667638393,1.1936576582858902,0
1792.433178880281,1.0005282002573685,1.200506357807704,0
1792.4540122815174,1.0000994141158257,1.1996173382628008,0
1792.4748456796624,0.9999332388115865,1.1917631771558694,0
1792.495679074654,0.9990925707914071,1.1939038721746622,0
1792.516512466471,0.999948619416659,1.1917867584449306,0
1792.537345855136,0.9998179494569054,1.1927956156326427,0
1792.55817924071,1.0002509133708193,1.1926660099877102,0
1792.5790126232964,0.9992317759968571,1.1935538275541897,0
1792.5998460030373,1.000497016094888,1.199520098073007,0
1792.62067938011,0.9998111199652623,1.1956923635422856,0
1792.6415127547252,0.9985665761591439,1.208481556198072,0
1792.6623461271229,0.999360586384074,1.2124716853738913,0
1792.6831794975685,0.9984119046566671,1.1932279573742741,0
1792.7040128663475,0.9981598409332458,1.2099256163976655,0
1792.7248462337623,0.9991851201685905,1.197359675685182,0
1792.7456796001263,0.9989029817682259,1.1962466360860022,0
1792.7665129657564,0.999712001484457,1.192516272571788,0
1792.7873463309709,0.9981538127990587,1.1909305560896268,0
1792.8081796960817,0.9995827885596927,1.1948495354754902,0
1792.8290130613887,0.999256692501154,1.1933093895565696,0
1792.8498464271775,0.9996859610111971,1.1946571897452976,0
1792.870679793711,0.9988062661728404,1.1939914983362052,0
1792.8915131612275,0.99897344381628,1.1919327494968819,0
1792.9123465299342,0.9986109536288373,1.1924303749839726,0
1792.9331799000065,0.9985323888817764,1.194056018830725,0
1792.9540132715827,0.9993199536926706,1.1915186344359194,0
1792.9748466447618,0.9993527792334214,1.1927097756433997,0
1792.995680019603,0.9972155333994996,1.2117458352776245,0
1793.0165133961243,0.9995663266803504,1.1928328805830837,0
1793.0373467743023,0.9992813292009064,1.1991517361981034,0
1793.0581801540695,1.0000247113026894,1.1927820735385768,0
1793.0790135353225,0.9980793722127619,1.1932297306844821,0
1793.099846917915,0.9988996361441882,1.1922739215089988,0
1793.1206803016694,0.9996811437462022,1.1943454820028543,0
1793.1415136863707,0.9984949453873198,1.2020141749704578,0
1793.1623470717786,0.9989413267986553,1.1923194887184692,0
1793.1831804576263,0.9980319989746305,1.1938413280483162,0
1793.2040138436255,0.9990141443329074,1.1943668289743465,0
1793.2248472294743,0.9996283140752831,1.19215604608122,0
1793.2456806148587,0.9988907401124201,1.1961481003525398,0
1793.2665139994624,0.9983992414950155,1.1918828042409444,0
1793.2873473829668,0.9990234354158002,1.2039767878994299,0
1793.3081807650608,0.998709322984926,1.1947002712947121,0
1793.3290141454452,0.9991160236741301,1.195698582248975,0
1793.3498475238364,0.9990643816144656,1.199358407005679,0
1793.3706808999725,0.9995043721072535,1.1987237063836753,0
1793.391514273618,1.000994271677019,1.2148943703460628,0
1793.412347644566,0.999875137003228,1.1943345401284753,0
1793.433181012645,0.999059876938785,1.1938412656398487,0
1793.45401437772,0.9986473303404729,1.1916278945621992,0
1793.4748477396909,0.9984036294887318,1.1944547829562528,0
1793.495681098504,0.9992036194744037,1.1982607167745853,0
1793.516514454143,0.9993105220202886,1.2073524936474445,0
1793.537347806635,0.999968823912544,1.2021455865449668,0
1793.5581811560476,0.9982649926072706,1.1961689417730024,0
1793.5790145024894,0.9993562614762332,1.1955663249468975,0
1793.5998478461054,1.000001481839222,1.1968824635365098,0
1793.62068118708,0.9993059733625999,1.2002507221042564,0
1793.6415145256258,0.9997981256273643,1.1934455553268908,0
1793.6623478619879,0.9985740750008262,1.191157243065453,0
1793.6831811964332,0.9983742664884756,1.2114460400290825,0
1793.7040145292528,0.9992760374162898,1.22159482812152,0
1793.7248478607478,0.9987791451726921,1.1909336841354958,0
1793.7456811912327,0.9987031969831374,1.1938447230640412,0
1793.7665145210262,1.0002319619327258,1.1934576415514635,0
1793.7873478504455,0.9984573521324944,1.1951679067483354,0
1793.8081811798006,0.9976205512552375,1.1948695141087415,0
1793.8290145093904,0.9990797219969281,1.1932314040874727,0
1793.849847839497,0.9983455392646168,1.1931323570676073,0
1793.870681170381,0.9993772311499806,1.1944759408484704,0
1793.8915145022772,0.9988713965551053,1.192278833253004,0
1793.9123478353895,0.997833979818079,1.1923633295790372,0
1793.9331811698862,0.9970267698601397,1.1921282722289839,0
1793.9540145059018,0.9990829566924768,1.1973085629105298,0
1793.9748478435306,0.9984303590924589,1.1960666371866144,0
1793.9956811828258,0.9988110067395638,1.1935988964694446,0
1794.016514523802,0.9983308287093327,1.1988070150824353,0
1794.0373478664264,0.999283517098505,1.1964437454802719,0
1794.058181210629,0.998539084908396,1.192152596258981,0
1794.079014556301,0.9993762532377439,1.195698146068198,0
1794.0998479032917,0.9998140674455677,1.1933420183133885,0
1794.1206812514165,0.9991227033438927,1.2085791850183336,0
1794.141514600459,0.9989192560083424,1.1947325752010962,0
1794.1623479501736,1.0000429030208244,1.1929372986930102,0
1794.1831813002925,0.9985898674428931,1.1944494435232857,0
1794.2040146505233,0.9996847803577872,1.2000946921498914,0
1794.2248480005626,1.0002638157354926,1.199918486886364,0
1794.245681350098,0.9977334657173316,1.2011538248334148,0
1794.2665146988084,0.9993443024080128,1.1941737691056236,0
1794.2873480463795,1.0006212468432172,1.2101692962435788,0
1794.3081813925005,0.9997053267311634,1.1932898468391222,0
1794.3290147368732,0.9983111259270163,1.202815325627882,0
1794.3498480792173,0.9986130498396435,1.1931127115359172,0
1794.370681419273,0.9984050774115834,1.1936622272797899,0
1794.3915147568098,0.9995673095801876,1.196674493473636,0
1794.4123480916257,0.9991155491204805,1.1933896549460201,0
1794.4331814235513,0.9994405843789398,1.1923231380192238,0
1794.4540147524574,0.9982269549495196,1.2094316656553386,0
1794.4748480782516,0.9994063037964703,1.1944589247429573,0
1794.4956814008829,0.9993915066777777,1.1974273995509532,0
1794.5165147203406,0.9998998655915137,1.194414424734625,0
1794.5373480366588,1.000311012953564,1.1961137417368988,0
1794.558181349909,0.9990664771318676,1.1993364531071091,0
1794.579014660205,1.0000840798220794,1.1943643711601268,0
1794.5998479676982,0.99983320985896,1.1926393100250647,0
1794.6206812725754,0.9993335655345252,1.193435429273848,0
1794.6415145750555,0.9988820462845519,1.1943853310378258,0
1794.6623478753847,1.0010600291230547,1.193758609001713,0
1794.683181173834,0.9993462447570055,1.1930223728961493,0
1794.7040144706973,1.0004752473756182,1.198003669011925,0
1794.7248477662763,0.9993838035372692,1.1925523092285206,0
1794.7456810608865,0.9996185336930555,1.197263434502992,0
1794.7665143548484,0.9998289115446803,1.195845952393855,0
1794.7873476484754,0.9995572466129677,1.1926199562390711,0
1794.8081809420783,0.9995034204669017,1.1933507466355484,0
1794.8290142359554,1.0007287132765377,1.2059813071719072,0
1794.849847530385,0.9993196422545281,1.1928838228724683,0
1794.8706808256236,0.9995340813442617,1.1934283247537807,0
1794.891514121903,1.0001881131601411,1.2138969313398504,0
1794.912347419423,0.9983983341442395,1.1931988971899807,0
1794.933180718347,0.9987867289119202,1.2042448974835467,0
1794.974847320886,0.9993231642700265,1.193283116078313,0
1794.995680624637,0.9992465090856001,1.2032588289809976,0
1795.0165139300664,0.9996927547618328,1.1958238094008176,0
1795.0373472371386,1.0011975569846778,1.1939568030891647,0
1795.0581805457768,0.9992714810196225,1.193938494075786,0
1795.079013855866,1.0006748196646211,1.1942071478735665,0
1795.0998471672528,1.0002465454040739,1.2016248143659358,0
1795.1206804797473,0.9992900093354116,1.1968079854465803,0
1795.1415137931292,0.9992529691990575,1.1945285220766821,0
1795.1623471071498,1.0001471082790636,1.1969677179543883,0
1795.1831804215362,0.9999918505861838,1.195885091031486,0
1795.2040137359963,0.9995902367159167,1.1935352252065705,0
1795.2248470502248,0.9993070991504629,1.1947903458782811,0
1795.2456803639068,0.9985538144179238,1.1941772630016867,0
1795.2665136767232,0.9998727713723672,1.211691553928494,0
1795.2873469883589,0.9996140059157024,1.1930906801797996,0
1795.308180298505,0.9988867069647088,1.1976029261633252,0
1795.3290136068656,0.9996593397762886,1.1998722644213984,0
1795.3498469131623,1.000307525199506,1.1953549720349286,0
1795.3706802171398,1.0002433147794454,1.2150158898174022,0
1795.391513518569,0.9995216819963222,1.1946565037207977,0
1795.4123468172525,0.9990753537584254,1.198309936100487,0
1795.433180113028,1.0004460626486162,1.2015025482301522,0
1795.4540134057695,1.0017991474206391,1.195564031626793,0
1795.4748466953906,1.0004998406596677,1.202844611849524,0
1795.4956799818442,0.9998628271188738,1.1969422219425154,0
1795.516513265127,0.999786353159086,1.2161022916374011,0
1795.5373465452778,1.0009147060307617,1.1933118495436903,0
1795.5581798223732,1.0002860971466239,1.1971497596322416,0
1795.5790130965324,1.000068828418624,1.1993865103912253,0
1795.599846367913,0.9993933586912,1.1945769346793405,0
1795.6206796367035,0.9993569446059662,1.1938736801587497,0
1795.6415129031263,0.9995702985138278,1.2009321144056702,0
1795.6623461674344,0.9996464552588463,1.1960271556412296,0
1795.6831794299017,0.9999818392700874,1.196118438386176,0
1795.7040126908191,1.0003140436036384,1.1952713603999598,0
1795.7248459504947,0.9999037346333377,1.1944204879115332,0
1795.7456792092437,1.0009398495193815,1.1982039466482504,0
1795.7665124673847,1.0002770112120416,1.1946407874152765,0
1795.7873457252344,1.0008712506777284,1.2136865482971901,0
1795.808178983099,1.0008670652303426,1.1956106325234477,0
1795.829012241275,0.9988658543202958,1.1942399517424778,0
1795.8498455000388,0.9983303933460544,1.1957654531111614,0
1795.8706787596461,1.0002934750619712,1.1944614322634706,0
1795.89151202032,0.9996863182258654,1.1954220864917797,0
1795.9123452822578,1.0009291156025677,1.1939032481225322,0
1795.9331785456209,1.000215989484812,1.195894673011508,0
1795.9540118105317,1.0009614993779226,1.1930053110771877,0
1795.9748450770737,1.0002004536439784,1.195084394244124,0
1795.9956783452903,0.9982165701174279,1.1932932683987076,0
1796.0165116151832,1.0010294637828223,1.1972628619860681,0
1796.0373448867117,0.9995653445744026,1.199777019665464,0
1796.0581781597928,0.999057992700268,1.1985829062450595,0
1796.079011434307,1.000056587139567,1.1941849495370431,0
1796.0998447100967,1.0003513508334758,1.1974437761546972,0
1796.120677986967,1.0019022665519326,1.1974948831580312,0
1796.1415112646941,1.0005915545832147,1.1949661725535528,0
1796.162344543025,0.9998770211467767,1.1956378269654104,0
1796.183177821686,1.0006181603062523,1.195565502343453,0
1796.2040111003812,1.0009974872284724,1.1976953951714704,0
1796.2248443788046,1.0003356981595073,1.1953953109678286,0
1796.245677656639,1.0003697613471496,1.1960399757620925,0
1796.266510933567,1.0000964838502922,1.1977884915098207,0
1796.287344209274,1.0003403857563669,1.1944018366826366,0
1796.3081774834516,1.0010152759788564,1.1946953570331804,0
1796.329010755806,1.0015582379567662,1.193760194285539,0
1796.3498440260614,0.9985559864834144,1.194611212759118,0
1796.3706772939674,0.9998859667662808,1.2063709045260005,0
1796.391510559298,0.9998948732185435,1.198150108922011,0
1796.4123438218608,1.0007044554964533,1.1967220597122392,0
1796.4331770814958,1.0005274590443758,1.1932900591259514,0
1796.4540103380832,1.0008222974961605,1.2027315635933251,0
1796.4748435915421,1.000669621673833,1.1967826603460485,0
1796.4956768418324,1.0006931116294029,1.193287411781617,0
1796.5165100889553,1.0001115949087978,1.1986261947869348,0
1796.5373433329526,1.0001138194674002,1.1975319894328613,0
1796.558176573909,1.0002805824890526,1.1942735782042195,0
1796.5790098119485,1.0012262371382044,1.2026522190521554,0
1796.5998430472312,1.0008534535264322,1.2056498724595064,0
1796.6206762799522,1.002441430064551,1.2046596474402564,0
1796.6415095103387,1.0009077260435535,1.1945499655715064,0
1796.6623427386442,1.0008525069715606,1.1998639188537548,0
1796.6831759651468,1.0006897796232108,1.19441799278073,0
1796.7040091901397,1.0021280136479926,1.201455518526198,0
1796.724842413932,1.0016792357859954,1.1950084324463401,0
1796.7456756368406,0.9995680220564136,1.196403491717115,0
1796.7665088591816,1.0008480557509023,1.1939575768790476,0
1796.7873420812725,1.0003525112170963,1.2044794830745889,0
1796.8081753034196,1.0025027718925816,1.1992270255036253,0
1796.8290085259162,1.0011362773932677,1.1940045275139073,0
1796.849841749036,1.0002421729476558,1.1944673579751084,0
1796.8706749730281,1.0020289014089572,1.1951213758669228,0
1796.8915081981174,0.9995287809737284,1.19313172012283,0
1796.9123414244943,1.0022242707985412,1.194161290821949,0
1796.9331746523146,1.0016315580038546,1.1955582609159814,0
1796.954007881696,1.001352570157112,1.2055135153705425,0
1796.9748411127175,1.000019341496673,1.1961072386536076,0
1796.9956743454152,1.0004901550969358,1.1959649842041928,0
1797.0165075797863,1.0000984409185125,1.1946050507605228,0
1797.037340815786,0.999143275433543,1.1964402457483077,0
1797.0581740533264,0.9999441822470061,1.1951981159407603,0
1797.0790072922807,1.0013564627052471,1.1958410303796332,0
1797.099840532487,1.0011773912579955,1.1980881098369702,0
1797.1206737737466,0.9998572192027617,1.1946167385729318,0
1797.141507015832,1.0018840293343834,1.195833105271126,0
1797.1623402584873,1.0007834057652283,1.2111643917037354,0
1797.1831735014355,1.001005972652756,1.1950730726014693,0
1797.2040067443781,1.001045395167459,1.1939644161613674,0
1797.2248399870086,1.0008333313133642,1.1954029772056534,0
1797.2456732290095,1.0003225560801121,1.194947355259973,0
1797.266506470062,1.0011115852540078,1.201476131455329,0
1797.2873397098529,1.000464186936264,1.2014119474345621,0
1797.3081729480762,1.0005638363943854,1.194625457581571,0
1797.3290061844398,1.0016382215079518,1.1952358670072334,0
1797.3498394186706,1.0004275548508283,1.1961802405861544,0
1797.3706726505204,1.0001919622390933,1.197808458444339,0
1797.3915058797684,1.000054777945505,1.1933922646043755,0
1797.412339106225,1.0009086519343033,1.1941781988649678,0
1797.4331723297375,1.0029607078246894,1.1960328991720381,0
1797.454005550191,1.0011999292092624,1.1987122326491257,0
1797.4748387675077,1.0005641227931084,1.1947409940293565,0
1797.495671981654,1.0002531264942844,1.201996757303012,0
1797.5165051926367,1.0009646485358754,1.1942501333610742,0
1797.5373384005034,1.0010934477613418,1.1975665437729535,0
1797.5581716053443,1.0005469628851749,1.1942625233754405,0
1797.5790048072859,1.001321331580435,1.195288290140154,0
1797.5998380064952,1.0013859366937292,1.1978066421512845,0
1797.6206712031724,1.0004358522074466,1.195506909087609,0
1797.6415043975474,1.0001869300134045,1.197085754424392,0
1797.6623375898769,1.0069407089149904,1.1957131256712186,0
1797.6831707804408,1.0143717743449083,1.2031278362488447,0
1797.7040039695355,1.0113897671621666,1.1968778694855478,0
1797.7248371574728,1.0045801821599836,1.197116101933224,0
1797.7456703445657,1.0018406845726548,1.1972861109314226,0
1797.7665035311354,1.0004972429029804,1.214683988314362,0
1797.7873367174961,0.9995522912644724,1.194020701467744,0
1797.8081699039521,1.0019818607951672,1.1985293590648203,0
1797.8290030907956,1.0005882819761327,1.1968225278382967,0
1797.8498362782966,1.0006742499274728,1.1945944355831393,0
1797.8706694667026,0.9994584826917272,1.1975893388882985,0
1797.891502656232,1.0007069161900006,1.197651513097146,0
1797.9123358470724,1.0006705992543699,1.1979541510093816,0
1797.9331690393733,1.0008360180114606,1.1964973735445736,0
1797.9540022332492,1.0010707893500106,1.1960318650893513,0
1797.9748354287722,1.0000268042921923,1.1986382287735855,0
1797.9956686259757,1.0007793611455413,1.196907923472189,0
1798.0165018248495,1.0000847725033706,1.207215588267803,0
1798.0373350253424,1.00013134096175,1.1975195088121413,0
1798.0581682273616,1.0004348792699171,1.197755871913835,0
1798.0790014307777,0.9991333688839499,1.1969667967212287,0
1798.0998346354208,1.0010372348261478,1.2034502332950325,0
1798.1206678410908,1.0001342813933072,1.1992182032680196,0
1798.141501047555,1.0003403774421102,1.197174989838584,0
1798.162334254554,0.9991222841705735,1.197933912844145,0
1798.183167461807,1.0007291038748958,1.1959729707360387,0
1798.2040006690163,1.0009808267631166,1.1961568704864554,0
1798.224833875873,1.0000662364749007,1.2188127330382512,0
1798.2456670820588,0.999894773375552,1.1958393606284343,0
1798.2665002872563,1.0006472967068945,1.2037461399004594,0
1798.2873334911521,0.9990967803286179,1.1957407539475975,0
1798.308166693441,1.0000528232561758,1.1987130282312297,0
1798.3289998938333,1.0008532339053768,1.1981912242992103,0
1798.3498330920602,1.000682135890378,1.1988468028254575,0
1798.3706662878756,1.0005818425659883,1.1983336248229464,0
1798.3914994810632,0.9996839521754703,1.1999701714782076,0
1798.412332671439,1.0005852322867326,1.1963811971256615,0
1798.433165858853,1.0011612164948884,1.1971073761696582,0
1798.4539990431965,1.0001770779913384,1.200225059941432,0
1798.4748322243975,1.0012819441550846,1.1967586669958667,0
1798.4956654024256,1.0003490192312756,1.1960912673296538,0
1798.5164985772947,1.0002160678060157,1.198430911547121,0
1798.5373317490582,1.000230302194772,1.1976984184590396,0
1798.5581649178107,1.0002660170251758,1.1995345206276342,0
1798.578998083686,1.0009507236376516,1.199895760856622,0
1798.5998312468535,1.0005739106328222,1.1975334950622616,0
1798.620664407517,1.0012793305216927,1.200380290887246,0
1798.6414975659113,1.0,1.1981736515656263,0
1798.6623307222965,0.9991089241789901,1.2012873524307675,0
1798.6831638769543,1.001090680387001,1.198195651642256,0
1798.7039970301846,1.0005567431080842,1.2028787410431736,0
1798.7248301822979,0.9993662091458978,1.2035412130387446,0
1798.7456633336108,0.9997332807759556,1.1996628377038412,0
1798.7664964844412,1.0005755623560977,1.2006648040083128,0
1798.7873296351047,1.000632173924145,1.1986835291853555,0
1798.808162785903,0.9993348182347621,1.2036147173704668,0
1798.8289959371255,1.0003911523396423,1.2000533563950873,0
1798.8498290890402,1.000270856563593,1.207871709263087,0
1798.8706622418906,0.9990249577632035,1.2036503103259073,0
1798.8914953958927,1.0004898298048857,1.2188069256912832,0
1798.9123285512267,0.9992159429333806,1.1992488447258915,0
1798.9331617080404,0.9996019764770984,1.202896145939692,0
1798.953994866441,1.0010811364744165,1.2003868949576464,0
1798.9748280264962,0.9995153446496294,1.200398005106888,0
1798.9956611882333,0.9983067702406107,1.2005327710973823,0
1799.0164943516374,0.998563223029023,1.2022608217191395,0
1799.0373275166505,0.9980660942923649,1.2092341964529707,0
1799.0581606831763,1.0004056658136207,1.2028985119951479,0
1799.078993851078,0.9995037979889796,1.20228839868315,0
1799.0998270201849,0.9994921780330583,1.2014392462168373,0
1799.1206601902902,0.9983422583860484,1.2004542990870684,0
1799.141493361157,0.999410791839497,1.2068584651792218,0
1799.1623265325243,0.9991256307971456,1.1995130295914411,0
1799.183159704109,0.9985545846338684,1.2039220201176084,0
1799.2248260467172,0.9994006782571027,1.2003448864918365,0
1799.2456592171131,1.0012201492220307,1.2056130531158127,0
1799.2664923864797,0.9987967491382352,1.2066062253010852,0
1799.2873255545042,0.9999728555320081,1.2030935531073457,0
1799.3081587208835,0.9994705875547789,1.2051245311043322,0
1799.328991885331,0.9988797693017346,1.2022411394361903,0
1799.3498250475798,1.0006287252936843,1.2025146546333336,0
1799.3706582073874,0.9980721306225997,1.2003679019504006,0
1799.391491364542,0.9998472425593916,1.20235324233722,0
1799.412324518864,1.0002304752312137,1.2024008813561657,0
1799.4331576702084,0.9993364284623389,1.2021808139584362,0
1799.45399081847,0.9991048984651757,1.209915308057317,0
1799.4748239635842,0.9986940712733734,1.20200817489145,0
1799.495657105527,0.9985102679981424,1.2049737820206745,0
1799.516490244315,1.0003337998668933,1.2049849735407363,0
1799.5373233800096,0.9993918810538459,1.2041725700832095,0
1799.558156512709,0.9998927257833045,1.2030135140226765,0
1799.5789896425508,0.9995855707502453,1.2068652190054583,0
1799.5998227697112,0.9989199168008959,1.2126281380537574,0
1799.620655894397,0.9992687798289647,1.2060326207416359,0
1799.641489016846,0.9995397199973601,1.2026519092958752,0
1799.6623221373234,0.9984835222410858,1.204411104113455,0
1799.6831552561123,0.9981787317701064,1.2095451595057054,0
1799.7039883735142,0.9986749760667385,1.2051743232502474,0
1799.7248214898416,0.9976834336629343,1.2117077623431136,0
1799.7456546054107,0.9982000480771029,1.2079028837231929,0
1799.766487720541,0.9982130393970317,1.216855679923413,0
1799.7873208355436,0.9984609519728255,1.2094350908318605,0
1799.808153950721,0.9995092417199196,1.208801982968993,0
1799.8289870663602,0.9990885067695914,1.2143259815643963,0
1799.8498201827254,0.9984183792868987,1.214857880243386,0
1799.8706533000568,0.9980351206637879,1.210910366123515,0
1799.891486418566,0.9978320135478433,1.2107332611124153,0
1799.9123195384307,0.9974308566760975,1.2082872738226185,0
1799.9331526597905,0.9961198740563608,1.2116340479708234,0
1799.9539857827492,0.998033976436569,1.2130932231752465,0
1799.9748189073705,0.996451721208741,1.2103988803184849,0
1799.9956520336748,0.9979252247635706,1.2118577106417037,0
1800.016485161641,0.9973120637852763,1.2139220467014802,0
1800.0373182912067,0.997344982986182,1.2158629750805925,0
1800.05815142227,0.9979828213792842,1.216147884990696,0
1800.0789845546906,0.995620294555641,1.2188968692218565,0
1800.0998176882908,0.9963721426325765,1.2146458970647664,0
1800.1206508228613,0.9990614637158705,1.2244649068742248,0
1800.1414839581605,0.9978724935195097,1.2347208093983868,0
1800.1623170939254,0.9967700296802792,1.2335299726044757,0
1800.1831502298683,0.9968106454508743,1.215576122840931,0
1800.2039833656893,0.9982828902108354,1.2191784056847779,0
1800.2248165010758,0.9962738797699742,1.214673769426481,0
1800.24564963571,0.9974734675627943,1.2195242598710248,0
1800.2664827692743,0.9963113929895593,1.2167827305346701,0
1800.2873159014562,0.9966714989473204,1.2142914010063013,0
1800.3081490319557,0.9967524984557605,1.2193725169834526,0
1800.3289821604876,0.9969347832228335,1.230095119364981,0
1800.3498152867883,0.9962313590466544,1.2167933358375183,0
1800.370648410619,0.9957243861631988,1.2162628348987667,0
1803.4747737770472,1.2846452893048215,1.1917162007371729,0
1803.4956067750197,1.2485779021817094,1.2020697238665192,0
1803.5164397698677,1.203995911037748,1.2095377800187028,0
1803.5372727616718,1.169149757446117,1.196315768196812,0
1803.558105750552,1.1647527343668655,1.1949609850456095,0
1803.5789387366656,1.1773631930186172,1.1940892636200702,0
1803.5997717202051,1.1488278139040202,1.1928907182775765,0
1803.620604701396,1.1320470766653705,1.1930085585871535,0
1803.6414376804894,1.1629874426434172,1.2094648697455754,0
1803.66227065776,1.1506899956662735,1.193605188503954,0
1803.683103633502,1.064741200612001,1.1950880101646644,0
1803.7039366080228,1.1006743621217114,1.1930216859315792,0
1803.7247695816375,1.1253848337109564,1.1935523418739928,0
1803.7456025546646,1.1011857549416966,1.19241884069351,0
1803.7664355274214,1.0978460724419516,1.1938297824262716,0
1803.7872685002135,1.1072199374648166,1.1934971082154533,0
1803.8081014733352,1.0992727599379268,1.1950733967909664,0
1803.8289344470652,1.0868697145821513,1.1918689767238246,0
1803.8497674216537,1.0919644730850777,1.1930585191648182,0
1803.8706003973255,1.076903368371346,1.1914235598447964,0
1803.8914333742766,1.1001634044267414,1.194758829276967,0
1803.9122663526643,1.076292638251176,1.1933045320036557,0
1803.9330993326096,1.080673706628559,1.2048735730934184,0
1803.953932314196,1.0773706554609834,1.1933781798733822,0
1803.9747652974634,1.0674844593812098,1.1953735585294267,0
1803.995598282411,1.065870625581241,1.1920908727521902,0
1804.0164312689972,1.0748762107064012,1.1954984208666537,0
1804.0372642571383,1.0577501282441342,1.1955656394440664,0
1804.0580972467105,1.0644998399719907,1.1933890181385696,0
1804.0789302375545,1.0521566942005511,1.1959205900760586,0
1804.099763229476,1.0602754553980018,1.1909595590158562,0
1804.1205962222477,1.0444504079803572,1.1918414087267786,0
1804.141429215617,1.0521858126857544,1.1961812994551257,0
1804.162262209307,1.0623416077296954,1.1924404345936697,0
1804.1830952030227,1.056782132459771,1.196900976511681,0
1804.2039281964576,1.0472122735268354,1.1929848765424274,0
1804.2247611892947,1.0530622697462413,1.1914264114424993,0
1804.245594181215,1.0510568989859492,1.1920304336175036,0
1804.2664271719048,1.0566854812855488,1.1960737011186604,0
1804.287260161057,1.043732245843666,1.1953011181856688,0
1804.3080931483778,1.0403563844317933,1.193948628342834,0
1804.3289261335938,1.0384871524784012,1.1974957417669223,0
1804.3497591164544,1.048859788686033,1.196060868900756,0
1804.3705920967336,1.0355642282225452,1.1953878191984877,0
1804.3914250742432,1.0521175287126368,1.1979545739299007,0
1804.4122580488256,1.0321788305670805,1.2121739873405857,0
1804.433091020361,1.018100114765375,1.1925146856343394,0
1804.4539239887713,1.045506761980068,1.1907741558332647,0
1804.474756954018,1.004945219451657,1.1966260536593272,0
1804.4955899161037,1.0076661456548848,1.1958463386776579,0
1804.5164228750737,1.0172261777258813,1.1920417466565902,0
1804.5372558310132,0.9980522928856054,1.1991415464917259,0
1804.5580887840492,0.9957838137186985,1.1932247229495725,0
1804.5789217343429,1.0021688361327268,1.1912282591894323,0
1804.599754682091,1.0062684244259859,1.1922863320597856,0
1804.620587627523,1.0181652948194124,1.2007812485108533,0
1804.6414205708934,0.9963045069993262,1.2015664793824177,0
1804.6622535124789,0.9906382951647025,1.1929474289743167,0
1804.6830864525773,1.00978991950704,1.191314230945495,0
1804.7039193914966,1.0090082047150548,1.1958102517553213,0
1804.724752329552,0.9965473771085825,1.1896799056119138,0
1804.7455852670628,1.0001284200737812,1.190727653483546,0
1804.7664182043434,0.9945460848233457,1.194886150243832,0
1804.787251141701,0.9921488697507652,1.1910782159189914,0
1804.8080840794273,0.9999165231928285,1.1912525640702247,0
1804.8289170177952,0.9818302537281005,1.1937457768630177,0
1804.8497499570556,1.0086503560523106,1.1903668231340778,0
1804.8705828974273,0.9894417464484038,1.189753990770233,0
1804.891415839101,0.9986489595190814,1.1954496217752193,0
1804.9122487822306,0.9981274330380542,1.2031204669421123,0
1804.933081726933,0.986118591310092,1.1993677872982094,0
1804.953914673284,0.9817154793782892,1.1918032250599342,0
1804.9747476213195,0.9964508927021201,1.1916324713386814,0
1804.995580571033,0.9937736263698794,1.195065292027154,0
1805.016413522378,0.9905280777140537,1.1949948281411655,0
1805.037246475264,0.9942527823125399,1.1915826260447473,0
1805.0580794295643,0.9971655651611223,1.193544626294994,0
1805.0789123851134,0.9934265677825809,1.198720735405526,0
1805.0997453417117,0.9839252473464755,1.1955953774419321,0
1805.1205782991308,0.9760904192638367,1.1904427556610693,0
1805.1414112571133,0.9829589447375999,1.1904705187685147,0
1805.1622442153798,0.9908839259801917,1.1956821692797899,0
1805.1830771736338,0.9870585362249861,1.1911164353377306,0
1805.2039101315659,0.9810398346848579,1.193568958914394,0
1805.2247430888597,0.9873858808772542,1.193685546353297,0
1805.2455760451976,0.9884363068381103,1.1972648284560972,0
1805.2664090002636,0.9970872293112318,1.193820545848241,0
1805.2872419537546,0.9770246096981997,1.1921178099935525,0
1805.308074905377,0.9831554161593525,1.1908571697761006,0
1805.328907854862,0.983545332073709,1.191857849581808,0
1805.3497408019607,0.9857986651241437,1.1993870570464842,0
1805.370573746454,1.0002592128212597,1.1916789508844439,0
1805.391406688155,0.984137988321694,1.1901772085044449,0
1805.412239626912,0.97915526470156,1.1916599816466047,0
1805.4330725626112,0.98247743201553,1.1904412160288582,0
1805.4539054951772,0.9918027978808016,1.1890804790686513,0
1805.474738424579,0.9980924602871785,1.192791530533745,0
1805.495571350825,0.981770706492476,1.190354017022883,0
1805.5164042739652,0.9877584812151373,1.1917621143614396,0
1805.5372371940914,1.0046000457128952,1.1961767649978843,0
1805.558070111332,0.9877319608916412,1.1907747064422427,0
1805.5789030258568,0.9826371817843189,1.1911334491525747,0
1805.5997359378657,0.9842838366864519,1.1920139826420124,0
1805.6205688475904,0.9969921668888375,1.1908951960877499,0
1805.6414017552895,0.9855274422016662,1.1911522641471914,0
1805.662234661244,0.9898718183400809,1.1913974073738511,0
1805.6830675657511,0.9827491235107528,1.1905797999855967,0
1805.7039004691198,0.9770648580327638,1.1943768223699205,0
1805.7247333716691,0.9759429253695029,1.1971886938373426,0
1805.7455662737166,0.9829970839083516,1.190133099305141,0
1805.7663991755762,0.9697924758344678,1.1896467755909974,0
1805.7872320775527,0.9953857182254944,1.192139734333728,0
1805.808064979936,0.983190846745144,1.1916740116591054,0
1805.8288978829962,0.9960969476338138,1.193014191746936,0
1805.8497307869793,0.9908901385002062,1.1926983939788105,0
1805.8705636921027,0.9887107911625438,1.1899669019920718,0
1805.8913965985503,0.9764666763187907,1.1897420923659998,0
1805.912229506474,1.0062276231026848,1.190029712354152,0
1805.9330624159825,0.9948282465813288,1.1929432944309306,0
1805.9538953271485,0.9787605543579693,1.2100683107679406,0
1805.9747282400015,1.004920239317751,1.1919335746074418,0
1805.9955611545306,1.0021411428720044,1.1918397583774745,0
1806.0163940706807,1.0004294626637291,1.1939189990985093,0
1806.0372269883603,0.9936188980813583,1.191300471878791,0
1806.0580599074349,0.9945637977305434,1.1932660954506982,0
1806.0788928277352,0.9912955167778722,1.192359130524225,0
1806.0997257490585,0.9972807090678731,1.1930529361741,0
1806.1205586711692,1.007346268092818,1.1926512919727343,0
1806.141391593811,0.9939592789745111,1.1945821238550336,0
1806.162224516699,0.989362827695676,1.190966941011148,0
1806.1830574395358,0.9952527769508616,1.1971328935588974,0
1806.2038903620103,1.0064347530854139,1.193719413125801,0
1806.2247232838067,0.9882604352826603,1.1895771807540994,0
1806.2455562046066,0.9993540677677646,1.193442159175643,0
1806.266389124096,1.008025177109817,1.1911467472812942,0
1806.287222041971,0.9965704945505022,1.2131010969421958,0
1806.3080549579424,1.0048333529419489,1.1922012428301532,0
1806.3288878717435,0.9982318633307597,1.192713161386549,0
1806.3497207831288,1.001590606136689,1.191332530257992,0
1806.3705536918833,0.9965664474489083,1.1944455137851768,0
1806.391386597825,1.0094188269061934,1.1912790449430308,0
1806.412219500806,0.9967581792121376,1.1948702623656693,0
1806.4330524007182,0.9993585946581868,1.1936030287418788,0
1806.4538852974943,0.9910498679507194,1.1931353294720732,0
1806.4747181911039,0.9953466558014781,1.191319484365407,0
1806.4955510815632,0.9987544975358288,1.1902803823394845,0
1806.5163839689278,0.9915207964498004,1.1954586837239045,0
1806.5372168532945,1.0073111332094795,1.210994374570058,0
1806.5580497347964,0.9975477715203,1.1938108099183595,0
1806.5788826136081,0.9933447368087424,1.1958002828002738,0
1806.5997154899342,0.9949602008381899,1.189668269501744,0
1806.62054836401,1.0000720490149062,1.191060425643608,0
1806.6413812360965,1.0173389382675813,1.189790248857759,0
1806.6622141064768,0.9976626666441442,1.1907248627842366,0
1806.6830469754518,0.9958945490779961,1.1939594988711026,0
1806.703879843332,1.004193888462062,1.190928616697062,0
1806.7247127104347,1.0006680362888936,1.1890089712237621,0
1806.7455455770778,0.998499192651764,1.1927518406335864,0
1806.7663784435751,1.0013312098408411,1.1905534537538065,0
1806.7872113102296,0.9923168593893397,1.1900983917407846,0
1806.8080441773284,1.0118209531445495,1.2020975779257417,0
1806.828877045139,1.0054653490618144,1.1914172687959017,0
1806.849709913905,1.0019221590909682,1.190450566447465,0
1806.8705427838377,1.0068118887138806,1.1904884430277496,0
1806.8913756551194,0.9881614734849652,1.1912029530660573,0
1806.9122085278923,1.0078455569844464,1.1996659554019828,0
1806.933041402265,0.9858844623805203,1.1928240110557977,0
1806.953874278301,0.9985343729963105,1.1905781979510954,0
1806.974707156027,1.0044094401405397,1.1904949142198424,0
1806.9955400354254,1.0006657660976732,1.1970963599579152,0
1807.0163729164371,0.9939181668871506,1.191625743721278,0
1807.037205798963,0.9980310314295756,1.1902379545753268,0
1807.0580386828647,0.9923711371265371,1.1936140522264536,0
1807.07887156797,1.0071615127106504,1.1882934178438513,0
1807.09970445407,1.0033788779232302,1.18982128340011,0
1807.1205373409273,1.0087779694550127,1.1943880133765785,0
1807.141370228278,0.9954881828940139,1.1899443114898367,0
1807.1622031158404,1.0118554545979186,1.1894352477786332,0
1807.1830360033114,1.0120695679564167,1.2100599000622185,0
1807.2038688903813,1.0055546898130563,1.1897957219169564,0
1807.2247017767327,0.9956812005348453,1.2032883396987488,0
1807.2455346620454,1.0003667205242777,1.190628523333285,0
1807.2663675460096,1.004735983042623,1.1896727410882233,0
1807.2872004283217,0.9981204495329405,1.2018197522133784,0
1807.3080333086962,0.9952092446189552,1.1939999723098982,0
1807.3288661868683,0.9943504072228734,1.190090228054077,0
1807.349699062595,0.9875836578098295,1.197512453408681,0
1807.370531935667,1.001542096981771,1.191467558737294,0
1807.3913648059056,0.9899246931852783,1.190788621748253,0
1807.4121976731694,0.9976263765336765,1.1897016369015028,0
1807.4330305373535,0.9897868226766535,1.1989256410535751,0
1807.4538633983955,0.9903643477529244,1.1925546833112226,0
1807.474696256274,0.9907964533329782,1.192112310095812,0
1807.4955291110082,0.9918898174539742,1.1903006630026287,0
1807.5163619626587,1.001603496513835,1.1902276760372266,0
1807.5371948113284,0.9879559133696948,1.18954471179155,0
1807.558027657157,0.98406945441512,1.1897527884105783,0
1807.57886050032,0.9868078327939642,1.1900844683641187,0
1807.5996933410288,1.0059069813188406,1.196298865453298,0
1807.6205261795196,0.9881200063620106,1.1908435806120934,0
1807.6413590160605,0.9990868745146378,1.204365214915333,0
1807.6621918509347,0.9906234723773907,1.1941852989238384,0
1807.6830246844452,1.0109595168914707,1.1893140088237726,0
1807.7038575169024,1.0032054934767252,1.1907739180702182,0
1807.7246903486268,0.9904802298777416,1.2123635539725852,0
1807.7455231799347,0.9886324233537509,1.1906284232102893,0
1807.766356011138,0.9947680742091024,1.188739506166753,0
1807.7871888425377,1.002222179138968,1.1903631553176774,0
1807.8080216744208,0.9956357910933262,1.1909555176668487,0
1807.8288545070504,0.9919814586763327,1.1917859457359448,0
1807.8496873406652,1.002506759571888,1.1899292216970487,0
1807.8705201754742,0.9943642887781564,1.1899455762687563,0
1807.8913530116547,0.9922876420943304,1.1943083765401001,0
1807.912185849345,0.998645677554173,1.1958319339456025,0
1807.9330186886455,1.00843083283386,1.1901369681592444,0
1807.9538515296185,0.9817557315778548,1.2000777184631164,0
1807.9746843722814,0.9926022811762067,1.1930117935979074,0
1808.0163500625504,0.9774952845735395,1.1899124411218436,0
1808.0371829099859,0.99504401431425,1.204914854788931,0
1808.0580157587785,0.9833973945475676,1.1936740491582492,0
1808.0788486087504,0.9781426471343591,1.1885771759751143,0
1808.099681459689,0.9845665787084874,1.2065561834929273,0
1808.1205143113534,0.9893251700216359,1.1905959453692185,0
1808.141347163478,1.0051074207467532,1.1915243121574994,0
1808.1621800157752,0.9938990510253811,1.189336110139251,0
1808.1830128679435,1.0060149082840784,1.193646897362305,0
1808.2038457196704,0.9914825465783282,1.1923797632376807,0
1808.224678570637,0.9830187000920937,1.1892254365626032,0
1808.2455114205284,0.967220739234659,1.1882478968888412,0
1808.2663442690302,1.0046145122277628,1.1889878163086443,0
1808.287177115844,0.9858285005841856,1.1907790111945669,0
1808.3080099606848,1.011611177528383,1.1938546334591298,0
1808.3288428032909,0.9816815859576072,1.1902469810867404,0
1808.3496756434256,1.0082946097493346,1.1896536647072418,0
1808.3705084808805,1.0110206284730336,1.1885189904544127,0
1808.3913413154837,1.0065652784549888,1.1886957447615099,0
1808.4121741470972,1.0131368213605296,1.1901523057257015,0
1808.433006975623,1.006579262453548,1.1935954258489148,0
1808.4538398010031,1.0106315109281665,1.1921248098267063,0
1808.474672623221,0.9910846127587931,1.190968367357506,0
1808.4955054423015,1.0124924568281402,1.1899858856966954,0
1808.5163382583114,1.0050218545495173,1.1884553479547881,0
1808.5371710713578,0.9962799769048198,1.1895882415447536,0
1808.5580038815863,1.0091131957653483,1.20985686783673,0
1808.5788366891768,0.9910488576579525,1.1896010558995573,0
1808.5996694943426,1.0082435784126702,1.1899704708514784,0
1808.6205022973293,1.0112513370720744,1.1951202287805136,0
1808.641335098401,1.0068450313826784,1.1955923114461755,0
1808.6621678978468,1.0035241119003453,1.1994663939608288,0
1808.6830006959713,1.007754430612418,1.1910397700748998,0
1808.7038334930862,1.0162077414824915,1.19229996726927,0
1808.7246662895104,1.0029980438464443,1.1893927146967531,0
1808.745499085561,1.007485618841917,1.2046098463905026,0
1808.7663318815494,1.0024198119165582,1.1887945597627467,0
1808.7871646777758,1.0115860488981046,1.1901775715878626,0
1808.8079974745212,1.0064414106845068,1.191358333937357,0
1808.8288302720484,0.9979503778869615,1.1955100625522868,0
1808.8496630705909,1.0118288332110037,1.2050866199360923,0
1808.8704958703559,1.0035670031926238,1.1889267431651975,0
1808.891328671513,1.0010125200518512,1.1904144661660174,0
1808.912161474198,1.0110152048951482,1.1920755476276792,0
1808.9329942785055,0.9933939373249939,1.2016806292659612,0
1808.9538270844923,0.9916659690930213,1.1943510464752043,0
1808.97465989217,1.0024339890531038,1.1913740435140066,0
1808.9954927015115,1.0037404929740916,1.1947585548905588,0
1809.016325512449,0.9969155025024525,1.1897960976409205,0
1809.0371583248702,0.9958338570573675,1.1916314334373592,0
1809.057991138629,0.9943117865595598,1.1921924061005562,0
1809.0788239535434,0.9866333016071724,1.1905100343922996,0
1809.0996567693956,0.9962628783782922,1.1937525424630617,0
1809.1204895859416,0.9826815995727503,1.1916138640067178,0
1809.1413224029138,0.9761696841739667,1.1878776577182484,0
1809.1621552200218,0.9952738088585696,1.192166432985727,0
1809.182988036962,1.0037777207337433,1.192333535965602,0
1809.2038208534204,0.9762445527609649,1.1989204209622604,0
1809.2246536690795,0.9821719581669237,1.1904978932094077,0
1809.245486483623,1.006104768672908,1.1894600027101612,0
1809.2663192967395,0.9952879759171038,1.1941942955986093,0
1809.287152108131,0.9976523884631076,1.1891389629226337,0
1809.3079849175172,1.0051776707814868,1.189852329656535,0
1809.328817724636,0.9863529486110004,1.1912433200180559,0
1809.3496505292578,1.0049589261471292,1.1919320118975645,0
1809.3704833311783,0.9925592043951329,1.1947954967119223,0
1809.3913161302266,1.003236850610231,1.1928000505101022,0
1809.4121489262723,0.9988954757008007,1.2015148634576602,0
1809.4329817192229,1.004045369905453,1.1884772897058298,0
1809.4538145090241,0.9916211191931249,1.1929211100500996,0
1809.4746472956665,1.0025942917299633,1.189879017017315,0
1809.495480079181,1.0029135351750402,1.1944340363808035,0
1809.516312859637,1.0135604222369006,1.187551108314537,0
1809.5371456371493,0.9807957320689914,1.2101318140191715,0
1809.557978411867,0.999136821994084,1.1897941563991619,0
1809.5788111839745,0.9942034551262802,1.1897251212782691,0
1809.5996439536905,0.997764182882721,1.1893545902323186,0
1809.6204767212619,0.9828521165297622,1.1890001984965846,0
1809.6413094869574,0.9890453404072801,1.1930648015593746,0
1809.6621422510684,0.9901602470976799,1.189206265293898,0
1809.6829750139007,0.9910365096500586,1.192644307723815,0
1809.7038077757672,1.0027930622494905,1.1890560671297725,0
1809.7246405369865,0.996354448711537,1.1908012354822577,0
1809.7454732978758,0.9713613243944245,1.1894229452880223,0
1809.7663060587447,0.9940955279260159,1.1926283400028719,0
1809.7871388198903,0.9857046557959125,1.188328842724844,0
1809.8079715815938,0.9918321679932303,1.188265164960533,0
1809.8288043441135,0.9863816486889239,1.1960273300655648,0
1809.84963710768,0.9968544569502591,1.1882807022484716,0
1809.8704698724941,0.9898340127308555,1.1909599844202172,0
1809.8913026387233,0.9927533089326988,1.1883158641742084,0
1809.9121354064964,1.0135966131016025,1.1905360811926882,0
1809.9329681759045,0.9890448378291876,1.1886634146909218,0
1809.9538009469968,0.986325838170007,1.1881744577547744,0
1809.9746337197826,0.9851636830127245,1.1915735846403317,0
1809.9954664942272,0.9931669087752212,1.190054705348116,0
1810.0162992702567,0.9873267455192873,1.1881876761306056,0
1810.0371320477564,0.9934815465797361,1.190324098005248,0
1810.057964826573,0.9790604185844138,1.194118713936582,0
1810.0787976065199,0.9833693155578621,1.1876968295955395,0
1810.099630387378,0.9815989991064138,1.1910107941246462,0
1810.1204631688988,0.9898539783628879,1.188777813310289,0
1810.1412959508089,0.9982142880026772,1.1888107419264453,0
1810.1621287328187,0.9948753579917125,1.1883772445718503,0
1810.1829615146223,0.9976193841341852,1.1882802884250339,0
1810.2037942959053,0.9806841138485017,1.1902600262152918,0
1810.224627076349,0.9797440892823774,1.1868414307517927,0
1810.2454598556387,1.0045973473754748,1.1908329819575745,0
1810.2662926334638,1.00536021690656,1.1881061312056613,0
1810.2871254095273,1.0025859216516986,1.1888663938521884,0
1810.307958183552,1.014655332446452,1.1899199673643182,0
1810.3287909552816,0.9954216084899897,1.1894819760386135,0
1810.3496237244856,0.992205738858932,1.1891002538755346,0
1810.3704564909665,1.00068763642413,1.190621765012176,0
1810.3912892545607,0.990355120155908,1.1903580854504623,0
1810.4121220151385,0.9978325321529113,1.1879231928607419,0
1810.432954772614,1.0005598980985533,1.1907154144039358,0
1810.453787526939,1.0002850146659095,1.1887256170152851,0
1810.4746202781098,0.9993407684240407,1.1884904545620136,0
1810.4954530261616,0.9930185934296591,1.1875024469250013,0
1810.5162857711707,1.0066594207747928,1.1888622576500267,0
1810.5371185132542,1.015465986945245,1.1888287789507879,0
1810.557951252569,1.0241883419329663,1.189552390680993,0
1810.5787839893026,1.012143335395592,1.195887396196242,0
1810.5996167236774,1.0102976403575241,1.1929361495064672,0
1810.6204494559443,1.0073543210045626,1.1896978292575426,0
1810.641282186376,1.0196280541728233,1.1966651667826365,0
1810.6621149152634,1.007559848566808,1.1903583107783526,0
1810.6829476429152,1.015902216027091,1.1891868806968597,0
1810.703780369646,1.0056466886512156,1.189042770683237,0
1810.7246130957735,1.0042480027100689,1.1889455930808082,0
1810.7454458216146,0.994855401541216,1.1888652407306082,0
1810.7662785474768,1.0017327590885674,1.1948404439643705,0
1810.787111273658,1.018958124527983,1.2005657372451628,0
1810.807944000434,1.0023724456872243,1.1879237197034158,0
1810.82877672806,1.0026314265011835,1.2001447178083329,0
1810.8496094567633,1.0211212389677469,1.1911889175053536,0
1810.8704421867415,1.0067713789737012,1.206771378180203,0
1810.8912749181557,1.0162101722227157,1.189486949420931,0
1810.9121076511317,1.0144490948505915,1.1896728663425045,0
1810.932940385753,0.9961715736733444,1.1893085084892585,0
1810.9537731220653,1.0086799029812197,1.1894673814843106,0
1810.9746058600715,1.0101213079762317,1.1886271473031462,0
1810.9954385997319,1.0020307834078874,1.1879666064221852,0
1811.0162713409652,1.0040419990739045,1.19110178574803,0
1811.0371040836544,1.0146668736255817,1.1883753010123583,0
1811.0579368276412,1.0073575787235347,1.191162334550796,0
1811.0787695727342,0.9951325486261654,1.1901934720289027,0
1811.0996023187088,0.9964325547470334,1.1918952438683668,0
1811.120435065313,1.0132728074560335,1.1915374183366063,0
1811.1412678122751,0.9943409868427476,1.1888112558412807,0
1811.1621005592986,0.9984595853358766,1.1890416427968593,0
1811.1829333060782,0.9961063819547779,1.1899908194067588,0
1811.2037660522976,0.9958311743400541,1.1891021335929135,0
1811.2245987976398,0.995684119568818,1.191400096439667,0
1811.2454315417892,0.9978460905020772,1.1903420495060701,0
1811.2662642844368,0.9946945776394185,1.1922695096707971,0
1811.2870970252889,0.9933478462125325,1.190937187537115,0
1811.3079297640686,1.0012139329428211,1.198071033096154,0
1811.3287625005246,1.0040209503118545,1.1930153533486385,0
1811.3495952344313,1.001350414552383,1.197573486872597,0
1811.3704279655917,1.0041384435635312,1.1901862730366375,0
1811.3912606938495,0.9955694609660288,1.1915018137142834,0
1811.412093419082,0.9982134539262885,1.197100953170388,0
1811.432926141206,1.008229894300218,1.1917210522603552,0
1811.4537588601797,0.9976687632639222,1.1981431567269463,0
1811.4745915760027,1.009426327379882,1.1955831134117305,0
1811.4954242887172,1.002929177447982,1.1909489739054746,0
1811.5162569984063,1.0015736544737885,1.1894758250508635,0
1811.537089705191,0.9878295015922193,1.1922582237894304,0
1811.5579224092323,1.007464362025723,1.1920089447978774,0
1811.5787551107223,1.0092495537092598,1.1894300361484509,0
1811.599587809888,1.0086565077936858,1.191563855362268,0
1811.6204205069828,1.0021377663913646,1.1916855406544744,0
1811.6412532022825,0.9958451348029597,1.1919159971286555,0
1811.662085896082,1.0138007357263152,1.1951914457968085,0
1811.6829185886886,1.0068870207481735,1.1927877827242857,0
1811.703751280418,1.0066543609374154,1.1919271237278402,0
1811.7245839715895,1.0138856521760986,1.192517409667401,0
1811.7454166625187,0.984095223343287,1.1914343908769944,0
1811.7662493535122,0.9951125454717876,1.1907857811369442,0
1811.7870820448634,0.995141238871428,1.1921931810356163,0
1811.8079147368476,1.0063303668057206,1.1919568149869326,0
1811.8287474297172,1.003946053530027,1.1923099154997088,0
1811.8495801236948,1.0031249537175477,1.1930281683633235,0
1811.8704128189731,0.9904395505312887,1.2031597528764082,0
1811.891245515709,1.004396438562755,1.1947830997526856,0
1811.9120782140224,0.9988530507631966,1.1996828852309125,0
1811.9329109139921,1.0046448230408027,1.1925630300486787,0
1811.9537436156597,1.0032470389917651,1.1933526696049532,0
1811.9745763190215,1.0100760334551013,1.1938742418195913,0
1811.9954090240312,1.0068306325898215,1.1919801924263078,0
1812.0162417306058,1.0075283421214816,1.1940985355565326,0
1812.0370744386196,1.0058100671313326,1.1922957929870526,0
1812.0579071479115,1.00389498852247,1.194924858915077,0
1812.0787398582838,1.0012444807984122,1.1927262794888034,0
1812.0995725695104,1.0094069368399585,1.19668852695583,0
1812.1204052813366,1.0071551465245743,1.1946176865655096,0
1812.141237993483,1.0160324267666947,1.2020261750386227,0
1812.1620707056557,1.0107882095608676,1.2039509576198715,0
1812.1829034175475,1.0155098665657483,1.20357145968005,0
1812.2037361288412,1.0023231730967033,1.193499430477708,0
1812.2245688392186,1.0267446296153728,1.193277221948614,0
1812.245401548365,1.030516890021937,1.1931065917555812,0
1812.2662342559727,1.0123763259886285,1.1953078001839985,0
1812.2870669617514,1.0198372796052735,1.192432761805878,0
1812.3078996654272,1.019767515830306,1.19636889132964,0
1812.3287323667519,1.0218691724721847,1.1926660724576754,0
1812.3495650655018,1.027604189500287,1.1936294824370441,0
1812.3703977614875,1.0224217160551463,1.199089403663392,0
1812.391230454554,1.024284280049039,1.1933956234385485,0
1812.412063144585,1.0069716985861454,1.197815188656921,0
1812.4328958315039,1.0211088319028654,1.1999249196406658,0
1812.453728515274,1.0222446589407537,1.1964135801945908,0
1812.4745611959004,1.01788589647118,1.1985889980643167,0
1812.516226547951,0.9882772845515455,1.1940733776181103,0
1812.5370592195889,0.9903151142852461,1.1979368982126968,0
1812.5578918885094,0.9854964977554598,1.1988543475562452,0
1812.5787245549122,0.9736807121690966,1.1939077537715863,0
1812.5995572190254,0.9909154813878016,1.1940324074797648,0
1812.620389881106,0.9801390364059919,1.1993661845779273,0
1812.6412225414324,1.013874377649654,1.1960018887616557,0
1812.662055200301,1.0141505686912649,1.2003785777953804,0
1812.6828878580209,1.018995187250448,1.195796407346565,0
1812.70372051491,1.0196195971633177,1.1956514613428366,0
1812.7245531712856,1.0281734605121122,1.2070329536500037,0
1812.7453858274637,1.0268513260608045,1.197316801834961,0
1812.766218483749,1.007154701999798,1.201140376972847,0
1812.7870511404326,1.0086935696345767,1.1973009586565524,0
1812.8078837977878,1.0223701458934003,1.2000584101369092,0
1812.828716456062,0.9959897262552802,1.210316837361131,0
1812.849549115474,0.9953132507568597,1.2095102697814022,0
1812.8703817762137,0.9928730141200114,1.2044252825199446,0
1812.8912144384328,1.0075366168968107,1.1970299991411417,0
1812.9120471022459,1.0167713944793295,1.1971421419222665,0
1812.9328797677272,1.0044410731894478,1.196919651045214,0
1812.9537124349104,0.9937045694777366,1.1972854513048274,0
1812.9745451037884,0.9933759632868501,1.1983060687632734,0
1812.9953777743094,1.0188907717527322,1.1976933796421845,0
1813.0162104463836,1.0014311550151884,1.2041685978281096,0
1813.0370431198826,1.0144925226448962,1.2113717192795443,0
1813.0578757946396,1.013602346003981,1.2017307005027533,0
1813.0787084704525,1.022288251540279,1.2047890389048952,0
1813.0995411470915,1.0101752939212676,1.2012889525878903,0
1813.1203738242978,1.0214904002815677,1.2032320544681807,0
1813.1412065017919,1.0082927475148573,1.2122037235559997,0
1813.1620391792762,1.0217575198939568,1.2049816964765632,0
1813.1828718564404,1.016091846033565,1.2036660080323116,0
1813.2037045329682,1.0383345333907348,1.2023477892594034,0
1813.2245372085433,1.0307758634286157,1.2052253991745592,0
1813.2453698828492,1.0292627569725263,1.2025755333524029,0
1813.266202555584,1.053666388957991,1.2180208935198351,0
1813.2870352264542,1.0267406668985235,1.2056464365293833,0
1813.3078678951927,1.037606026279947,1.2083607730819161,0
1813.3287005615507,1.000692913472717,1.2052411381843366,0
1813.3495332253121,1.0193918945636757,1.208767244379695,0
1813.370365886292,1.015785235682141,1.22506671256756,0
1813.3911985443383,1.0221766873096796,1.2073436443910865,0
1813.41203119934,1.0076664790542966,1.2083483796443502,0
1813.4328638512263,1.0069330463530495,1.210980802192476,0
1813.4536964999659,1.036817513333835,1.2071739038407328,0
1813.4745291455692,1.030179571303133,1.2088778299395773,0
1813.4953617880888,1.0256334596566588,1.210350928214847,0
1813.5161944276185,1.020262887332842,1.2114511815475288,0
1813.5370270642898,1.0185666166273446,1.2098637280889417,0
1813.5578596982718,1.022399543897238,1.2096529638730675,0
1813.5786923297676,1.003610838829063,1.21391015195422,0
1813.5995249590098,1.0075776314344949,1.2099475382631766,0
1813.6203575862576,1.0135683410997678,1.2122013264924951,0
1813.6411902117934,1.0103778941648756,1.2122018427834966,0
1813.6620228359163,1.0124244105380555,1.2199980507702186,0
1813.6828554589367,1.0257128690772026,1.2168121704315864,0
1813.7036880811706,1.0211498838800408,1.2198660948622102,0
1813.7245207029375,1.022354877915961,1.222050806358998,0
1813.7453533245503,1.0425287356479451,1.2237806421170612,0
1813.766185946314,1.0239290004912165,1.2255807944869992,0
1813.7870185685179,1.0548627395639725,1.2252920459498484,0
1813.80785119143,1.0441983883097767,1.2396793835823567,0
1813.8286838152962,1.0566362891820573,1.2280460788518675,0
1813.849516440332,1.0409685595521356,1.2303017275849506,0
1813.8703490667208,1.053342232376728,1.2273551177937707,0
1813.8911816946097,1.0200145690179756,1.2297167463108645,0
1813.9120143241075,1.0139071537650195,1.231188100624025,0
1813.9328469552868,1.0336735649351418,1.2359073760633188,0
1813.9536795881722,1.03148725146064,1.2375819280265064,0
1813.9745122227525,1.0415832999803236,1.2349971941479767,0
1813.995344858971,1.0529665894395874,1.2374728358784173,0
1814.0161774967332,1.0588343458611102,1.2427640092927645,0
1814.037010135904,1.066671644270258,1.2448339641306587,0
1814.0578427763119,1.0311805986046212,1.2488366435467109,0
1814.0786754177516,1.0395214133110695,1.2494246350762834,0
1814.0995080599887,1.0203804995710206,1.2564904746678587,0
1814.1203407027615,1.0366279575804433,1.2586051149524098,0
1814.1411733457887,1.031312817448124,1.2751135298728458,0
1814.1620059887705,1.0421401436703779,1.2600600497377734,0
1814.1828386313953,1.0780616727550099,1.262607580265873,0
1814.2036712733475,1.141528074718195,1.2664860045483919,0
1814.2245039143063,1.1293982311657693,1.264171542826942,0
1814.2453365539616,1.1368127878116736,1.2673442607206535,0
1814.2661691920102,1.0872977020782122,1.2685653063511004,0
1814.2870018281637,1.1266390450019554,1.2731479479407464,0
1814.3078344621545,1.1244735178426952,1.2810512248971133,0
1814.3286670937393,1.1051815567431553,1.2819080523726551,0
1814.3494997227065,1.129147106364823,1.2899147915237006,0
1814.3703323488728,1.1174588531158243,1.2948712645431801,0
1814.3911649720953,1.111814965109163,1.3071931318051873,0
1814.4119975922656,1.1044234343581676,1.314228917310347,0
1814.4328302093184,1.1002181038761503,1.316459699954912,0
1814.4536628232272,1.0946279975082025,1.3232140569758397,0
1814.474495434008,1.0904486026280618,1.3344870830695423,0
1814.4953280417205,1.0838742749040646,1.3304649608331864,0
1814.5161606464624,1.0794551493824676,1.3363888073044592,0
1814.5369932483704,1.0718961371666735,1.3445685577092983,0
1814.5578258476182,1.0596940732952194,1.3510817185315427,0
1814.5786584444122,1.0520841740391353,1.3624974924466917,0
1814.5994910389907,1.0367320923790009,1.3740409193845011,0
1814.6203236316164,1.025954634067788,1.390691305572856,0
1814.6411562225717,1.0090849144540726,1.406852508324463,0
1814.6619888121588,0.9878446985722793,1.4239721029193042,0
1814.682821400688,0.9594858546788836,1.4506848058242896,0
1814.7036539884782,0.9266994330364935,1.4790931490864492,0
1814.7244865758469,0.8932103186807497,1.508809525928179,0
1814.745319163107,0.8493107232019586,1.548209934083936,0
1814.7661517505612,0.7979489687706323,1.5898627390184412,0
1814.7869843384956,0.7410870141984003,1.629830425282222,0
1814.8078169271773,0.688610028886365,1.6753787288657005,0
1814.8286495168477,0.6219570372537718,1.7229935365601037,0
1814.849482107717,0.5605876140160495,1.7656448498175548,0
1814.8703146999658,0.4897973149643974,1.8209996379556563,0
1814.8911472937364,0.39945967697310797,1.8754940653589862,0
